style;color;name;image_url;description;season
23A011503;VNY;EXOTICA SS;https://s3.amazonaws.com/images.boardriders.com/bi/rvca/large/23a011503_vny.png;Product Type:Knit short sleeve button-up^Fabric:76% Cotton Terry/ 24% Polyester Jacquard terry artwork throughout fabric^Fit:Easy Fit^Trims:Exotica label on Pocket and interior label;251
23A041500;LKH;LA EYE FLORAL SS;https://s3.amazonaws.com/images.boardriders.com/bi/rvca/large/23a041500_lkh.png;Product type:Short Sleeve Woven Shirt^Fabric content:55% Cotton 45% Viscose^Fit:Regular^Trims:Custom Alvarez trims on interior and solo label;251
23A041501;OCR;LA ORNAMENT SS;https://s3.amazonaws.com/images.boardriders.com/bi/rvca/large/23a041501_ocr.png;Product type:SS Woven^Fabric:90% Cotton 10% Linen^Fit:Easy^Trims:Custom Alvarez trims on interior and solo label;251
23A041503;CER;VACANCY SS;https://s3.amazonaws.com/images.boardriders.com/bi/rvca/large/23a041503_cer.png;Product: SS Woven^Fabric: 60% Cotton 40% Viscose Dobby^Fit:Relaxed Fit w/ custom collar and Straight Hem^Trims:Vacancy trim on bottom hem;251
23A041504;NAT;EXOTICA STRIPE SS;https://s3.amazonaws.com/images.boardriders.com/bi/rvca/large/23a041504_nat.png;Fabric:55% Linen 45% Viscose Yarn Dyed Stripe^Fit:Easy^Trims:Exotica trim on bottom hem;251
23A041505;BLK;TAPESTRY SS;https://s3.amazonaws.com/images.boardriders.com/bi/rvca/large/23a041505_blk.png;Product:SS Woven^Fabric: 60% Linen 40% Viscose^Fit:Regular^Trims:Solo label on Pocket;251
23A041506;BLK;HAWAII PALMS SS;https://s3.amazonaws.com/images.boardriders.com/bi/rvca/large/23a041506_blk.png;0;251
23A081504;GRT;ANYTIME TRUNK 16;https://s3.amazonaws.com/images.boardriders.com/bi/rvca/large/23a081504_grt.png;"Product Type:Boardshort^Fabric content:52% Cotton / 43% Recycled Polyester / 5% Elastane^Heritage Stretch^Length:16"" Outseam^Details:Button closure at fly,Back patch pocket with RVCA solo label,Interior liner at body.^Graphics:VA Box patch at lower left leg";251
23A081507;MUL;LA WAVE SPLIT TRUNK 17;https://s3.amazonaws.com/images.boardriders.com/bi/rvca/large/23a081507_mul.png;"Product Type:Boardshort^Fabric:53% Recycled Polyester 32% Polyester 9% Elastane 6% Cotton Coco-tex^Length:17"" Outseam^Details:Button closure at fly,Back patch pocket with RVCA solo label^Graphics:Rvca art patch at left leg";251
23A081509;BLK;HAWAII APEX 2 TRUNK ;https://s3.amazonaws.com/images.boardriders.com/bi/rvca/large/23a081509_blk.png;"Product Type:Boardshort^Fabric:85% Recycled Polyester 15% Elastane 4-way Stretch^Length:18"" Outseam^Details:Gusset fly closure,Back Patch pocket with RVCA solo label,Cut and sewn side panels at body^Graphics:Rvca Hawaii Patch at left leg.";251
23A081510;OCR;LA ORNAMENT TRUNK 17;https://s3.amazonaws.com/images.boardriders.com/bi/rvca/large/23a081510_ocr.png;"Product Type:Boardshort^Fabric content: 53% Recycled Polyester 32% Polyester 9% Elastane 6% Cotton Coco-tex^Length:17"" Outseam^Details:Button closure at fly,Back patch pocket with RVCA solo label^Graphics:Rvca art patch at left leg";251
23A101510;VNY;PALMS DOWN EXOTICA ELASTIC 17;https://s3.amazonaws.com/images.boardriders.com/bi/rvca/large/23a101510_vny.png;0;251
23A101511;SLE;SANDS ELASTIC 17;https://s3.amazonaws.com/images.boardriders.com/bi/rvca/large/23a101511_sle.png;0;251
23A121505;SND;LA ORNAMENT ELASTIC PANT;https://s3.amazonaws.com/images.boardriders.com/bi/rvca/large/23a121505_snd.png;0;251
23A151503;SND;LA ORNAMENT CHORE;https://s3.amazonaws.com/images.boardriders.com/bi/rvca/large/23a151503_snd.png;0;251
23A251500;LKH;LA EYE FLORAL ELASTIC 17;https://s3.amazonaws.com/images.boardriders.com/bi/rvca/large/23a251500_lkh.png;"Product Type:Boardshort^Fabric content:66% Recycled Polyester 20% Cotton 8% Hemp 6% Elastane 4-way Hemp^Length:17"" Outseam^Details:Elastic waist with draword,Back Patch pocket with RVCA solo label,Pockets on side seams";251
23A251501;BN4;RESORT ELASTIC 16;https://s3.amazonaws.com/images.boardriders.com/bi/rvca/large/23a251501_bn4.png;"Product Type:Boardshort^Fabric:Coco-tex^Length:16"" Outseam^Details:Elastic waist with draword,Back Patch pocket with RVCA solo label,Pockets on side seams^Graphics:Rvca motors patch at left leg.";251
23A251502;DTP;VA PIGMENT ELASTIC SHORT 16;https://s3.amazonaws.com/images.boardriders.com/bi/rvca/large/23a251502_dtp.png;"Product Type:Boardshort^Fabric:94% Recycled Polyester 6% Elastane 4-way Dobby^Wash:Pigment overdye^Length:16"" Outseam^Details:Elastic waist with draword,Back Patch pocket with RVCA solo label,Pockets on side seams^Graphics:Rvca motors patch at left leg.";251
23A351557;VNY;LA EYE SWIRL POCKET SS;https://s3.amazonaws.com/images.boardriders.com/bi/rvca/large/23a351557_vny.png;Product type^SS Tee^Sleeves:Short Sleeve^Fabric:85% Polyester, 15% Cotton^Weight155 gsm^Fit:Regular^Neck:Crew neck^chest pocket & back print;251
23A351558;CYT;NATURAL SCIENCE SS;https://s3.amazonaws.com/images.boardriders.com/bi/rvca/large/23a351558_cyt.png;Prodcut Type: SS Knit^Fabric:100% Organic cotton premium midweight^Fabirc weight: 200gsm^Fit: Regular fit, standard lengt^Graphics: Front and back screen print.;251
23A351559;CYT;EXOTICA POCKET SS;https://s3.amazonaws.com/images.boardriders.com/bi/rvca/large/23a351559_cyt.png;0;251
23A411503;OCR;LA WAVE HOODIE;https://s3.amazonaws.com/images.boardriders.com/bi/rvca/large/23a411503_ocr.png;Product Type:Fleece Hood^Fabric Weight + Sub Type:55% Hemp, 45% Cotton^Fit:Regular fit^Lining:Brushed Back Fleece^Pockets:Kangaroo pocket;251
23A411506;BLK;IRON ON HOODIE;https://s3.amazonaws.com/images.boardriders.com/bi/rvca/large/23a411506_blk.png;0;251
23A481500;RDE;SCRIPT SEALED ZIP;https://s3.amazonaws.com/images.boardriders.com/bi/rvca/large/23a481500_rde.png;Product Type: Hooded sweatshirt^Fabric: 80% Cotton, 20% Polyester  300gsm^Fit: Regular fit^Details: Kangeroo pocket^Graphics: Front and back screen print^Trims:Leather patch on front;251
23B011501;BLK;CHASE POLO;https://s3.amazonaws.com/images.boardriders.com/bi/rvca/large/23b011501_blk.png;Product Type + Sleeves:Crop top^Fabric Weight + Sub Type:Rib knit^Fit:Fitted crop^Neck:V neck and collar;251
23B021502;CLO;SQUARED UP TANK;https://s3.amazonaws.com/images.boardriders.com/bi/rvca/large/23b021502_clo.png;0;251
23B021504;YGD0;MATCH TANK;https://s3.amazonaws.com/images.boardriders.com/bi/rvca/large/23b021504_ygd0.png;0;251
23B041502;WPW;SASHA TANK;https://s3.amazonaws.com/images.boardriders.com/bi/rvca/large/23b041502_wpw.png;0;251
23B041503;GJE0;TASH TANK;https://s3.amazonaws.com/images.boardriders.com/bi/rvca/large/23b041503_gje0.png;0;251
23B041506;NAT;LAURYN BUTTON UP;https://s3.amazonaws.com/images.boardriders.com/bi/rvca/large/23b041506_nat.png;Product Type: Woven Top^Fabric: 15% Linen 85% Cotton blend^Fit: Relaxed Fit^Closure/Neck: Collar with CF button closure^All over yardage printed stripe.;251
23B051501;BFG;SHOWDOWN SHIRT;https://s3.amazonaws.com/images.boardriders.com/bi/rvca/large/23b051501_bfg.png;0;251
23B071500;BLK;SCHOOL DANCE CARDIGAN;https://s3.amazonaws.com/images.boardriders.com/bi/rvca/large/23b071500_blk.png;0;251
23B071502;WPW;DAWN SWEATER TOP;https://s3.amazonaws.com/images.boardriders.com/bi/rvca/large/23b071502_wpw.png;0;251
23B071503;BLQ0;NOAH SWEATER TOP;https://s3.amazonaws.com/images.boardriders.com/bi/rvca/large/23b071503_blq0.png;0;251
23B071504;CLY;SHIVER SWEATER;https://s3.amazonaws.com/images.boardriders.com/bi/rvca/large/23b071504_cly.png;0;251
23B091502;BLK;BARDOT SHORT;https://s3.amazonaws.com/images.boardriders.com/bi/rvca/large/23b091502_blk.png;Product Type:Cotton shorts^Fabric content:98% Cotton / 2% Elastane^Fit:High-waisted fit^Fly/Waist:Exposed button fly^front patch pockets, curved back pockets;251
23B091504;CLY;DREA OVERALL;https://s3.amazonaws.com/images.boardriders.com/bi/rvca/large/23b091504_cly.png;0;251
23B111501;BFG;COCO PANT;https://s3.amazonaws.com/images.boardriders.com/bi/rvca/large/23b111501_bfg.png;0;251
23B111502;RSN;RECESSION PANT;https://s3.amazonaws.com/images.boardriders.com/bi/rvca/large/23b111502_rsn.png;0;251
23B111503;GRT;DAYLIGHT PANT;https://s3.amazonaws.com/images.boardriders.com/bi/rvca/large/23b111503_grt.png;0;251
23B121501;GJE0;NEW YUME WIDE;https://s3.amazonaws.com/images.boardriders.com/bi/rvca/large/23b121501_gje0.png;0;251
23B131502;GRT;DIXIE MIDI DRESS;https://s3.amazonaws.com/images.boardriders.com/bi/rvca/large/23b131502_grt.png;0;251
23B131503;CLO;SWAN SONG DRESS;https://s3.amazonaws.com/images.boardriders.com/bi/rvca/large/23b131503_clo.png;0;251
23B131504;CAC;TRUE LIES DRESS;https://s3.amazonaws.com/images.boardriders.com/bi/rvca/large/23b131504_cac.png;0;251
23B131506;RSN;UNDERSTATED MIDI DRESS;https://s3.amazonaws.com/images.boardriders.com/bi/rvca/large/23b131506_rsn.png;0;251
23B131508;GRT;UNDERSTATED DRESS;https://s3.amazonaws.com/images.boardriders.com/bi/rvca/large/23b131508_grt.png;0;251
23B131510;HGD;MACARTHUR DRESS;https://s3.amazonaws.com/images.boardriders.com/bi/rvca/large/23b131510_hgd.png;0;251
23B131511;BLK;BAKER DRESS;https://s3.amazonaws.com/images.boardriders.com/bi/rvca/large/23b131511_blk.png;0;251
23B131512;GJE0;STATEMENT DRESS;https://s3.amazonaws.com/images.boardriders.com/bi/rvca/large/23b131512_gje0.png;0;251
23B131513;OCR;LAURYN SLIP DRESS;https://s3.amazonaws.com/images.boardriders.com/bi/rvca/large/23b131513_ocr.png;0;251
23B141501;GRT;REFORM SKIRT;https://s3.amazonaws.com/images.boardriders.com/bi/rvca/large/23b141501_grt.png;Product Type:Mini Skirt^Fabric Weight + Sub description:Cotton Elastane Plain Weave^Fit:Straight fit^Fly/Waist:Invisible side zipper^Paneled seams, front slit;251
23B141502;BLK;BETA MIDI SKIRT;https://s3.amazonaws.com/images.boardriders.com/bi/rvca/large/23b141502_blk.png;Product Type: Woven Skirt^Fabric: Livaeco^Fit: Straight fit^Closure: Fixed waist with side seam zipper^Metal trim at back w/band;251
23B151500;NAT;LAURYN ALVAREZ SHACKET;https://s3.amazonaws.com/images.boardriders.com/bi/rvca/large/23b151500_nat.png;0;251
23B281502;MUL;RAY ROMPER;https://s3.amazonaws.com/images.boardriders.com/bi/rvca/large/23b281502_mul.png;0;251
23B281504;BLQ0;BAY ROMPER;https://s3.amazonaws.com/images.boardriders.com/bi/rvca/large/23b281504_blq0.png;0;251
23B281505;BFG;RECESSION JUMPSUIT;https://s3.amazonaws.com/images.boardriders.com/bi/rvca/large/23b281505_bfg.png;0;251
23D551500;VNY;LA SUNN SNAPBACK;https://s3.amazonaws.com/images.boardriders.com/bi/rvca/large/23d551500_vny.png;0;251
23D551504;ABG;PEN SCRIPT CORD SNAPBACK;https://s3.amazonaws.com/images.boardriders.com/bi/rvca/large/23d551504_abg.png;0;251
23D551511;CML;MISSION 2 TRUCKER;https://s3.amazonaws.com/images.boardriders.com/bi/rvca/large/23d551511_cml.png;0;251
23E551504;YGD0;POP DAD HAT;https://s3.amazonaws.com/images.boardriders.com/bi/rvca/large/23e551504_ygd0.png;0;251
23E551505;GRT;MESA BUCKET;https://s3.amazonaws.com/images.boardriders.com/bi/rvca/large/23e551505_grt.png;0;251
23MS011500;BWV;VENT LITE SS;https://s3.amazonaws.com/images.boardriders.com/bi/rvca/large/23ms011500_bwv.png;Product Type: Short sleeve tee^Fabric content:92% Recycled Polyester 8% Elastane Knit jersey blend^Fit:Performance fit^Neck:Crew neck;251
23MS101503;MSH;LAURYN YOGGER STRETCH;https://s3.amazonaws.com/images.boardriders.com/bi/rvca/large/23ms101503_msh.png;"Type:Elastic workout shorts^Fabric Weight + Sub Description:4-way stretch blend^Fit:Elastic fit^Outseam:Short length: 17"" outseam^Fly/Waist:Drawcord^Back welt pocket with zip";251
23MS101506;BWV;YOGGER LITE 15;https://s3.amazonaws.com/images.boardriders.com/bi/rvca/large/23ms101506_bwv.png;"Product type: Performance walkshorts^Fabric content: 88% RECYCLED POLYETHYLENE TEREPHTHALATE (PET)  12% ELASTANE^Recycled 4-Way Stretch^regular fit^Short length 15"" outseam^drawcord";251
23MS101507;BLK;YOGGER 2 IN 1 SHORT 17;https://s3.amazonaws.com/images.boardriders.com/bi/rvca/large/23ms101507_blk.png;0;251
23MS101508;BLK;OUTSIDER STRETCH 17;https://s3.amazonaws.com/images.boardriders.com/bi/rvca/large/23ms101508_blk.png;0;251
23MS121502;SLE;YOGGER ASCEND HYBRID PANT;https://s3.amazonaws.com/images.boardriders.com/bi/rvca/large/23ms121502_sle.png;0;251
23MS411501;LED;RVCA PIN FLIP HOODIE;https://s3.amazonaws.com/images.boardriders.com/bi/rvca/large/23ms411501_led.png;0;251
23MS431500;WHT;BALANCE COBRA SS;https://s3.amazonaws.com/images.boardriders.com/bi/rvca/large/23ms431500_wht.png;0;251
23MS431501;BLK;WORLD LEVELS SS;https://s3.amazonaws.com/images.boardriders.com/bi/rvca/large/23ms431501_blk.png;0;251
23MS431502;MSH;TIGER WAVE SS;https://s3.amazonaws.com/images.boardriders.com/bi/rvca/large/23ms431502_msh.png;0;251
23MS431507;OAT;GLOBAL STACKS SS;https://s3.amazonaws.com/images.boardriders.com/bi/rvca/large/23ms431507_oat.png;0;251
23MS431508;WHT;BIG RVCA BLAST SS;https://s3.amazonaws.com/images.boardriders.com/bi/rvca/large/23ms431508_wht.png;0;251
23MS431509;DDN;RVCA SYMBOL STACKS SS;https://s3.amazonaws.com/images.boardriders.com/bi/rvca/large/23ms431509_ddn.png;Product type: Short sleeve tee^Fabric:85% Polyester, 15% Cotton^Weight155 gsm^Fit:Regular^Neck:Crew neck^GraphicSmall center chest print & large back print;251
23MS431512;DDN;LAURYN ALVAREZ LOGO SUN SS;https://s3.amazonaws.com/images.boardriders.com/bi/rvca/large/23ms431512_ddn.png;Sleeves:Short Sleeve^Fabric:85% Polyester, 15% Cotton^Weight155 gsm^Fit:Regular^Neck:Crew neck^GraphicSmall center chest print & large back print;251
23MS431514;GNB0;RVCA SPORT LAYER SS;https://s3.amazonaws.com/images.boardriders.com/bi/rvca/large/23ms431514_gnb0.png;Product type: Short sleeve tee^Fabric:85% Polyester, 15% Cotton^Weight155 gsm^Fit:Regular^Neck:Crew neck^Graphic:Small center chest print;251
23MS431516;BLK;VA ICON SS;https://s3.amazonaws.com/images.boardriders.com/bi/rvca/large/23ms431516_blk.png;Sleeves:Short Sleeve^Fabric:85% Polyester, 15% Cotton^Weight155 gsm^Fit:Regular^Neck:Crew neck^GraphicSmall center chest and back print;251
23MS451505;GNB0;VA ICON TANK;https://s3.amazonaws.com/images.boardriders.com/bi/rvca/large/23ms451505_gnb0.png;Tank Top^Regular fit^Scoop neck^Rubber patch at left chest;251
23O121520;CAC;COSTA CRINKLE BANDEAU;https://s3.amazonaws.com/images.boardriders.com/bi/rvca/large/23o121520_cac.png;Product Type: Swim top^Fabric:96% Recycled Polyester / 4% Elastane^^Shape: Bandeau^Support: Medium^Padding: Removable^Straps: Adjustable and removable;251
23O121522;BLQ0;FLEUR HALTER BANDEAU;https://s3.amazonaws.com/images.boardriders.com/bi/rvca/large/23o121522_blq0.png;0;251
23O131500;MUL;LAURYN HALTER TRI;https://s3.amazonaws.com/images.boardriders.com/bi/rvca/large/23o131500_mul.png;Product type: Triangle swim top^Fabric: 80% Recycled nylon (Polyamide) / 20% Elastane^Removable padding^Adjustable tie straps^Slide triangle top;251
23O131503;MUL;QUINCY HALTER TRI;https://s3.amazonaws.com/images.boardriders.com/bi/rvca/large/23o131503_mul.png;0;251
23O131505;MEL;CHEVY GROOVES HALTER TRI;https://s3.amazonaws.com/images.boardriders.com/bi/rvca/large/23o131505_mel.png;0;251
23O131506;WPW;VACATION HALTER TRI;https://s3.amazonaws.com/images.boardriders.com/bi/rvca/large/23o131506_wpw.png;Product type:Triangle Swim Top^Fabric: 84% Polyamide 4% Elastane^Removable padding^Adjustable tie straps^Slide triangle top;251
23O131512;LAV;SOLID TRIANGLE CROSSBACK;https://s3.amazonaws.com/images.boardriders.com/bi/rvca/large/23o131512_lav.png;0;251
23O151501;YGD0;IMPRESSION 90S UNDERWIRE;https://s3.amazonaws.com/images.boardriders.com/bi/rvca/large/23o151501_ygd0.png;0;251
23O181500;RVB;SOLID SQAURE NECK BRALETTE;https://s3.amazonaws.com/images.boardriders.com/bi/rvca/large/23o181500_rvb.png;0;251
23O211501;MUL;QUINCY HIGH RISE CHEEKY;https://s3.amazonaws.com/images.boardriders.com/bi/rvca/large/23o211501_mul.png;Product type: Swim bottom^Fabric:96% Recycled Polyester / 4% Elastane^Coverage: High Rise Cheeky coverage;251
23O211502;BLQ0;FLEUR CHEEKY;https://s3.amazonaws.com/images.boardriders.com/bi/rvca/large/23o211502_blq0.png;0;251
23O211504;RVB;SOLID CHEEKY;https://s3.amazonaws.com/images.boardriders.com/bi/rvca/large/23o211504_rvb.png;0;251
23O231500;MUL;LAURYN SLIDE TRI SKIMPY;https://s3.amazonaws.com/images.boardriders.com/bi/rvca/large/23o231500_mul.png;Product type: Tie Side Swim bottoms^Fabric:80% Receyled nylon (Polyamide) / 20% Elastane^Coverage: Skimpy coverage;251
23O281500;LAV;SOLID MEDIUM FRENCH;https://s3.amazonaws.com/images.boardriders.com/bi/rvca/large/23o281500_lav.png;0;251
23O281502;CAC;COSTA CRINKLE V FT MED FRENCH;https://s3.amazonaws.com/images.boardriders.com/bi/rvca/large/23o281502_cac.png;"Product type: Swim bottom^Fabric:96% Recycled Polyester / 4% Elastane^Coverage: Medium coverage
";251
23O281505;YGD0;IMPRESSION MED FRENCH;https://s3.amazonaws.com/images.boardriders.com/bi/rvca/large/23o281505_ygd0.png;0;251
23O281506;MEL;CHEVY GROOVES MED FRENCH;https://s3.amazonaws.com/images.boardriders.com/bi/rvca/large/23o281506_mel.png;Product type: Swim bottom^Fabric:95% Recycled Polyester / 5% Elastane^Coverage: Medium French coverage;251
23O281509;WPW;VACATION MED FRENCH;https://s3.amazonaws.com/images.boardriders.com/bi/rvca/large/23o281509_wpw.png;Product type: Bikini bottom^Fabric: 84% Polyamide 4% Elastane^Coverage:Medium French;251
23O301503;MUL;LAURYN TUBULAR ONE PIECE;https://s3.amazonaws.com/images.boardriders.com/bi/rvca/large/23o301503_mul.png;0;251
AVYHY03001;LED;ALL TIME ROADS;https://s3.amazonaws.com/images.boardriders.com/bi/rvca/large/avyhy03001_led.png;0;251
EVJSF00106;SLK0;KEEP GROWING CREW;https://s3.amazonaws.com/images.boardriders.com/bi/rvca/large/evjsf00106_slk0.png;Product Type:Raglan crew sweatshirt ^Fabric:French Terry 75% Cotton, 25% Recycled Cotton 350gsm^Fit:Slouchy^Neck:Crew^Graphic:Embroidered art on front chest;251
EVJSF00107;WZA0;WILDFLOWER SNAKE CREW;https://s3.amazonaws.com/images.boardriders.com/bi/rvca/large/evjsf00107_wza0.png;Product Type:Raglan crew sweatshirt ^Fabric:French Terry 75% Cotton, 25% Recycled Cotton 350gsm^Fit:Slouchy^Neck:Crew^Graphic:Screen print on front chest;251
EVJSF00108;CME0;MOON AND STARS HOODIE;https://s3.amazonaws.com/images.boardriders.com/bi/rvca/large/evjsf00108_cme0.png;Product Type:Hooded sweatshirt^Fabric:French Terry 75% Cotton, 25% Recycled Cotton 350gsm^Fit:Regular fit^Graphic:Embroidered art on front chest and screen printed art on back.;251
EVJWD03003;GJE0;ANYA MIDI DRESS;https://s3.amazonaws.com/images.boardriders.com/bi/rvca/large/evjwd03003_gje0.png;Product Type+ Length:midi dress^Fabric Weight + Sub Type:Ecovera Gingham^Fit:Fitted waist^Sleeves:Spaghetti straps^Neck:Square neckline^Midi length dress with tie straps and smocked back bust;251
EVJWT03001;MUL;BENNI BUTTON UP;https://s3.amazonaws.com/images.boardriders.com/bi/rvca/large/evjwt03001_mul.png;0;251
EVJZT00153;BLK;KEEP GROWING SS;https://s3.amazonaws.com/images.boardriders.com/bi/rvca/large/evjzt00153_blk.png;Product Type: Tee^Fabric: 100% Cotton^Weight:160gsm^Fit: Relaxed^Neck: Round neck^Graphic:Front screen print wtih embroidery^Branded label inserted into the side seam at hem edge;251
EVJZT00154;WZA0;WILDFLOWER SNAKE SS;https://s3.amazonaws.com/images.boardriders.com/bi/rvca/large/evjzt00154_wza0.png;Product Type: Tee^Fabric: 100% Cotton^Weight:160gsm^Fit: Relaxed^Neck: Round neck^Graphic:Front screen print^Branded label inserted into the side seam at hem edge;251
EVJZT00155;BEY0;MOON AND STARS SS;https://s3.amazonaws.com/images.boardriders.com/bi/rvca/large/evjzt00155_bey0.png;Product Type: Tee^Fabric: 100% Cotton^Weight:160gsm^Fit: Relaxed^Neck: Round neck^Graphic:Front screen print^Branded label inserted into the side seam at hem edge;251
EVYHA03002;BRQ0;MOSAIC CAP;https://s3.amazonaws.com/images.boardriders.com/bi/rvca/large/evyha03002_brq0.png;Product Type: Cap^Fabric: Cotton Twill^Construction: 5 panel clipback^Visor/Brim: Curved Brim^CF embroidery;251
EVYHA03003;WDR0;RVCA UNITED CAP;https://s3.amazonaws.com/images.boardriders.com/bi/rvca/large/evyha03003_wdr0.png;Product Type: Cap^Fabric: Cotton Twill^Construction: 5 panel clipback^Visor/Brim: Curved Brim^CF embroidery;251
EVYHA03007;BRQ0;SMALL ATW CAP;https://s3.amazonaws.com/images.boardriders.com/bi/rvca/large/evyha03007_brq0.png;Product Type: Cap^Fabric: 100% Cotton twill^Construction: 5 panel snapback^Visor/Brim: Flat brim^CF Logo patch label;251
EVYHA03008;BLK;SUPERBLAST CAP;https://s3.amazonaws.com/images.boardriders.com/bi/rvca/large/evyha03008_blk.png;Product Type: Cap^Fabric: 100% Cotton twill^Construction: 5 panel snapback^Visor/Brim: Flat brim^CF artowrk patch label with embroidery;251
EVYSF00123;SLK0;MOSAIC HOODIE;https://s3.amazonaws.com/images.boardriders.com/bi/rvca/large/evysf00123_slk0.png;Product Type:Hooded sweatshirt^Fabric:French Terry 75% Cotton, 25% Recycled Cotton 350gsm^Fit:Regular fit^Graphic:Embroidered art on front chest and mix of embroidery and print on back.;251
EVYSF00124;CME0;SMALL ATW HOODIE;https://s3.amazonaws.com/images.boardriders.com/bi/rvca/large/evysf00124_cme0.png;Product Type:Hooded sweatshirt^Fabric:French Terry 75% Cotton, 25% Recycled Cotton 350gsm^Fit:Regular fit^Graphic:Woven logo label on front chest;251
EVYSF00125;CME0;JUPITER HOODIE;https://s3.amazonaws.com/images.boardriders.com/bi/rvca/large/evysf00125_cme0.png;Product Type:Hooded sweatshirt^Fabric:French Terry 75% Cotton, 25% Recycled Cotton 350gsm^Fit:Regular fit^Graphic:Embroidered art on front chest and screen printed art on back.;251
EVYSF00126;KSD0;NATURAL NETWORK HOODIE;https://s3.amazonaws.com/images.boardriders.com/bi/rvca/large/evysf00126_ksd0.png;Product Type:Hooded sweatshirt^Fabric:French Terry 75% Cotton, 25% Recycled Cotton 350gsm^Fit:Regular fit^Graphic:Screen printed art on front, back and sleeve with puff ink.;251
EVYSF00127;SLK0;SCORCHED HOODIE;https://s3.amazonaws.com/images.boardriders.com/bi/rvca/large/evysf00127_slk0.png;Product Type:Hooded sweatshirt^Fabric:French Terry 75% Cotton, 25% Recycled Cotton 350gsm^Fit:Regular fit^Graphic:Embroidered art on front and sleeve.;251
EVYSF00128;KSD0;SUPERBLAST HOODIE;https://s3.amazonaws.com/images.boardriders.com/bi/rvca/large/evysf00128_ksd0.png;Product Type:Hooded sweatshirt^Fabric:French Terry 75% Cotton, 25% Recycled Cotton 350gsm^Fit:Regular fit^Graphic:Mic of screen print with puff ink and embroidery on front chest;251
EVYSF00129;CME0;SMALL ATW CREW;https://s3.amazonaws.com/images.boardriders.com/bi/rvca/large/evysf00129_cme0.png;Product Type:Crew neck sweatshirt^Fabric:French Terry 75% Cotton, 25% Recycled Cotton 350gsm^Fit:Regular fit^Graphic:Woven logo label on front chest;251
EVYSF00130;WZA0;HIBISCUS STAMP HOODIE;https://s3.amazonaws.com/images.boardriders.com/bi/rvca/large/evysf00130_wza0.png;Product Type:Hooded sweatshirt^Fabric:French Terry 75% Cotton, 25% Recycled Cotton 350gsm^Fit:Regular fit^Graphic:Mic of screen print with puff ink on front and back.;251
EVYSF00131;KSD0;KEEP GROWING HOODIE;https://s3.amazonaws.com/images.boardriders.com/bi/rvca/large/evysf00131_ksd0.png;Product Type:Hooded sweatshirt^Fabric:French Terry 75% Cotton, 25% Recycled Cotton 350gsm^Fit:Regular fit^Graphic:Embroidered art on front and back.;251
EVYZT00236;GLD0;DETH VALLEY SS TEE;https://s3.amazonaws.com/images.boardriders.com/bi/rvca/large/evyzt00236_gld0.png;Product Type + Sleeves:Short sleeve tee^Fabric:100% organic cotton^Weight160 gsm^Fit:Relaxed fit^Neck:Ribbed crew neck^Graphic:Screen printed artwork  on front and back;251
EVYZT00237;WZA0;SCIENCE SS TEE;https://s3.amazonaws.com/images.boardriders.com/bi/rvca/large/evyzt00237_wza0.png;Product Type + Sleeves:Short sleeve tee^Fabric:100% organic cotton heavyweight^Weight250 gsm^Fit:Relaxed fit^Neck:Ribbed crew neck^Graphic:Screen print on front and back^Trim/PatchNeck Taping and side splits at hem.;251
EVYZT00238;NVY;RESTO SERVICES SS TEE;https://s3.amazonaws.com/images.boardriders.com/bi/rvca/large/evyzt00238_nvy.png;Product Type + Sleeves:Short sleeve tee^Fabric:100% organic cotton heavyweight^Weight250 gsm^Fit:Relaxed fit^Neck:Ribbed crew neck^Graphic:Screen print with HD printing on front and back^Trim/PatchNeck Taping and side splits at hem.;251
EVYZT00239;NVY;PRMTVO LIGHT DOSE;https://s3.amazonaws.com/images.boardriders.com/bi/rvca/large/evyzt00239_nvy.png;Product Type + Sleeves:Short sleeve tee^Fabric:100% organic cotton heavyweight^Weight250 gsm^Fit:Relaxed fit^Neck:Ribbed crew neck^Graphic:Screen print with HD printing on front and back^Trim/PatchNeck Taping and side splits at hem.;251
EVYZT00240;ANW;DESERTSCAPE SS TEE;https://s3.amazonaws.com/images.boardriders.com/bi/rvca/large/evyzt00240_anw.png;Product Type + Sleeves:Short sleeve tee^Fabric:100% organic cotton^Weight200 gsm^Fit:Relaxed fit^Neck:Ribbed crew neck^Graphic:Screen print on front and back with puff ink;251
EVYZT00242;BLK;MOSAIC SS TEE;https://s3.amazonaws.com/images.boardriders.com/bi/rvca/large/evyzt00242_blk.png;Product Type + Sleeves:Short sleeve tee^Fabric:100% organic cotton^Weight200 gsm^Fit:Relaxed fit^Neck:Ribbed crew neck^Graphic: Artworks on front and back with mix of screen print, puff ink and embroidery;251
EVYZT00243;ANW;SMALL ATW SS TEE;https://s3.amazonaws.com/images.boardriders.com/bi/rvca/large/evyzt00243_anw.png;Product Type + Sleeves:Short sleeve tee^Fabric:100% organic cotton^Weight200 gsm^Fit:Relaxed fit^Neck:Ribbed crew neck^Graphic:Logo woven label on front chest;251
EVYZT00244;CME0;RVCA LOGO SS TEE;https://s3.amazonaws.com/images.boardriders.com/bi/rvca/large/evyzt00244_cme0.png;Product Type + Sleeves:Short sleeve tee^Fabric:100% organic cotton^Weight200 gsm^Fit:Relaxed fit^Neck:Ribbed crew neck^Graphic:Logo screen print on front and back;251
EVYZT00245;BLK;IRON ON SS TEE;https://s3.amazonaws.com/images.boardriders.com/bi/rvca/large/evyzt00245_blk.png;Product Type + Sleeves:Short sleeve tee^Fabric:100% organic cotton^Weight200 gsm^Fit:Relaxed fit^Neck:Ribbed crew neck^Graphic:Screen print on front and back with crackle ink;251
EVYZT00246;BLK;NATURAL NETWORK SS TEE;https://s3.amazonaws.com/images.boardriders.com/bi/rvca/large/evyzt00246_blk.png;Product Type + Sleeves:Short sleeve tee^Fabric:100% organic cotton^Weight200 gsm^Fit:Relaxed fit^Neck:Ribbed crew neck^Graphic:Screen prints on front and back with puff ink;251
EVYZT00247;ANW;SCORCHED SS TEE;https://s3.amazonaws.com/images.boardriders.com/bi/rvca/large/evyzt00247_anw.png;Product Type + Sleeves:Short sleeve tee^Fabric:100% organic cotton^Weight200 gsm^Fit:Relaxed fit^Neck:Ribbed crew neck^Graphic:Emboidered artworks on front;251
EVYZT00248;GNY0;RVCA UNITED SS TEE;https://s3.amazonaws.com/images.boardriders.com/bi/rvca/large/evyzt00248_gny0.png;Product Type + Sleeves:Short sleeve tee^Fabric:100% organic cotton^Weight200 gsm^Fit:Relaxed fit^Neck:Ribbed crew neck^Graphic:Screen print on front and back;251
EVYZT00249;BLK;SUN PHASE SS TEE;https://s3.amazonaws.com/images.boardriders.com/bi/rvca/large/evyzt00249_blk.png;Product Type + Sleeves:Short sleeve tee^Fabric:100% organic cotton^Weight200 gsm^Fit:Relaxed fit^Neck:Ribbed crew neck^Graphic:Screen print on front and back with puff ink;251
EVYZT00250;BLK;SUPERBLAST 1 SS TEE;https://s3.amazonaws.com/images.boardriders.com/bi/rvca/large/evyzt00250_blk.png;Product Type + Sleeves:Short sleeve tee^Fabric:100% organic cotton^Weight200 gsm^Fit:Relaxed fit^Neck:Ribbed crew neck^Graphic:Screen print on front and back with puff ink^ANP:Superblast;251
EVYZT00251;WHT;SUPERBLAST  LS;https://s3.amazonaws.com/images.boardriders.com/bi/rvca/large/evyzt00251_wht.png;Product Type + Sleeves:Long sleeve tee^Fabric:100% organic cotton^Weight200 gsm^Fit:Relaxed fit^Neck:Ribbed crew neck^Graphic:Screen printed artowrks  on front  & sleeves with puff ink^ANP:Superblast;251
EVYZT00252;ANW;LA FISHSCHOOL SS TEE;https://s3.amazonaws.com/images.boardriders.com/bi/rvca/large/evyzt00252_anw.png;Product Type + Sleeves:Short sleeve tee^Fabric:100% organic cotton^Weight200 gsm^Fit:Relaxed fit^Neck:Ribbed crew neck^Graphic:Screen print on front and back^ANP:Lauryn Alvarez;251
EVYZT00253;ANW;KEEP GROWING SS TEE;https://s3.amazonaws.com/images.boardriders.com/bi/rvca/large/evyzt00253_anw.png;Product Type + Sleeves:Short sleeve tee^Fabric:100% organic cotton^Weight200 gsm^Fit:Relaxed fit^Neck:Ribbed crew neck^Graphic:Emboidered artworks on front and back;251
EVYZT00254;SLK0;BENJ BATTLE SS TEE;https://s3.amazonaws.com/images.boardriders.com/bi/rvca/large/evyzt00254_slk0.png;Product Type + Sleeves:Short sleeve tee^Fabric:100% organic cotton^Weight200 gsm^Fit:Relaxed fit^Neck:Ribbed crew neck^Graphic:Screen printed arts on front and back^ANP:Benjamin Jeanjean;251
EVYZT00255;SLK0;HIBISCUS STAMP SS TEE;https://s3.amazonaws.com/images.boardriders.com/bi/rvca/large/evyzt00255_slk0.png;Product Type + Sleeves:Short sleeve tee^Fabric:100% organic cotton^Weight200 gsm^Fit:Relaxed fit^Neck:Ribbed crew neck^Graphic:Screen print on front and back with puff ink;251
EVYZT00256;GNY0;NATURE DISPLAY SS TEE;https://s3.amazonaws.com/images.boardriders.com/bi/rvca/large/evyzt00256_gny0.png;Product Type + Sleeves:Short sleeve tee^Fabric:100% organic cotton^Weight200 gsm^Fit:Relaxed fit^Neck:Ribbed crew neck^Graphic:Screen print on front;251
EVYZT00257;BND0;SUPERBLAST 2 SS TEE;https://s3.amazonaws.com/images.boardriders.com/bi/rvca/large/evyzt00257_bnd0.png;Product Type + Sleeves:Short sleeve tee^Fabric:100% organic cotton^Weight200 gsm^Fit:Relaxed fit^Neck:Ribbed crew neck^Graphic:Screen print on front and back with puff ink^ANP:Superblast;251
UVJDP00131;ASB;FRESH PRINCE DENIM PANT;https://s3.amazonaws.com/images.boardriders.com/bi/rvca/large/uvjdp00131_asb.png;Product Type: Denim Pants^Fabric: 100% Cotton Denim^Weight:15.2oz^Fit: Wide leg^Waist: High waist^Branded metal hardware and back patch^;251
UVJFT00144;WDR0;JUPITER SLOUCHED HOOD;https://s3.amazonaws.com/images.boardriders.com/bi/rvca/large/uvjft00144_wdr0.png;Product Type: Hooded Fleece^Wash: Solid dye, No wash^Fabric: 100% Cotton 350g,^Fit: Oversized fit^Pockets: Front pouch pocket^Left Chest embroidery and Large back print;251
UVJHA00186;WDR0;IVY LEAGUE DAD CAP;https://s3.amazonaws.com/images.boardriders.com/bi/rvca/large/uvjha00186_wdr0.png;"Product Type: Cap^Fabric: 100% Printed 
Cotton^Construction: 6 panel claspback^Visor/Brim: Curved Brim^CF embroidery";251
UVJJK00142;CNW0;INDIE TWILL JACKET;https://s3.amazonaws.com/images.boardriders.com/bi/rvca/large/uvjjk00142_cnw0.png;Product Type: Woven Top^Fabric: 100% Cotton Twill, 270g^Fit: Long Sleeve^Closure/Neck: Button up with collar^;251
UVJKT00234;TZK0;GOOD DAY BABY TEE;https://s3.amazonaws.com/images.boardriders.com/bi/rvca/large/uvjkt00234_tzk0.png;Product Type: Tee^Fabric: 95% Cotton 5% Elastane^Weight:280gsm^Wash: Garment wash with softener^Fit: Baby Tee^Neck: Round Neck^Branded label inserted into the side seam at hem edge;251
UVJKT00236;BLQ0;BUZZED HALF BABY TEE;https://s3.amazonaws.com/images.boardriders.com/bi/rvca/large/uvjkt00236_blq0.png;Product Type: Tee^Fabric: 95% Cotton 5% Spandex^Weight:280gsm^Wash: Garment wash with softener^Fit: Half Baby Tee^Neck: Round neck^Graphic:Front Embroidery^Branded flag label at side seam hem edge.;251
UVJKT00237;WBV0;WELCOME RAGLAN BABY TEE;https://s3.amazonaws.com/images.boardriders.com/bi/rvca/large/uvjkt00237_wbv0.png;Product Type: Tee^Fabric: 100% Cotton 220gsm^Wash: Solid dye, No wash^Fit: Raglan baby tee^Neck: Round neck^Graphic:Front digital print and contrast coloured sleeves;251
UVJKT00240;DKH;UNITED CLASSIC TANK;https://s3.amazonaws.com/images.boardriders.com/bi/rvca/large/uvjkt00240_dkh.png;Product Type: Tank^Fabric: 95% Cotton 5% Elastane Rib, 280g^Wash: Garment wash with softener^Fit: Sleeveless^Neck: Round Neck^Graphic:Front embroidery^Branded label inserted into the sideseam hem edge;251
UVJKT00242;WHT;ASYM TANK;https://s3.amazonaws.com/images.boardriders.com/bi/rvca/large/uvjkt00242_wht.png;Product Type: One Shoulder Singlet^Fabric: 95% Cotton 5% Spandex Rib^Weight:280gsm^Fit: Sleeveless^Neck: Asymetrical^Branded flag label in side seam hem edge^Chest Embroidery;251
UVJNP00152;WDR0;STRIPE HUDSON PANT;https://s3.amazonaws.com/images.boardriders.com/bi/rvca/large/uvjnp00152_wdr0.png;Product Type:Wide leg pants^Fabric:90% Cotton, 10% Polyester, 264g^Fit:Loose fit^Fly/Waist:High waist^Elastic back waist. Front darts.;251
UVJNP00153;CAM;MILSPEC STRIPE HOLIDAY PANT;https://s3.amazonaws.com/images.boardriders.com/bi/rvca/large/uvjnp00153_cam.png;Product Type: Pant^Fabric: 55% Cotton, 45% Modal yardage print, 120g^Wash: Garment wash with softener^Fit: Wide leg^Fly/Waist: Elasticated waist with drawstring^Onseam front pockets;251
UVJSW00120;SEW0;WEEKEND CABLE KNIT VEST;https://s3.amazonaws.com/images.boardriders.com/bi/rvca/large/uvjsw00120_sew0.png;Product Type: Knit Vest^Fabric: 50% Acrylic 50% Cotton^Fit: Relaxed Fit^Neck: V neck^Jacquard stripes. ;251
UVJSW00121;WDR0;IVY RAGLAN SWEATER;https://s3.amazonaws.com/images.boardriders.com/bi/rvca/large/uvjsw00121_wdr0.png;Product Type: Long Sleeve Sweater^Fabric: 100% Cotton^Fit: Relaxed Fit^Neck: Round neck^Front patch logo;251
UVJWD00214;WPW;BLURRED DITSY GATHERED MIDI;https://s3.amazonaws.com/images.boardriders.com/bi/rvca/large/uvjwd00214_wpw.png;Product Type: Midi Dress^Fabric: 92% Cotton, 8% Linen, 155g^Wash: heavy enzyme wash^Fit: Slim^Sleeves: Sleeveless^Neck: Round Neck^Adjustable straps^ Gathered waist panels^CF Tie;251
UVJWD00215;WHT;UNDERSTATED MIDI DRESS;https://s3.amazonaws.com/images.boardriders.com/bi/rvca/large/uvjwd00215_wht.png;Product Type: Midi Dress^Fabric: 70% Viscose, 30% Linen, 180g^Fit: Mid length^Sleeves: Short Sleeve^Neck: V Neck^Back waist tie, with button up front and metal badge on back neck;251
UVJWK00150;CMM;WRAPPED CARGO SKIRT;https://s3.amazonaws.com/images.boardriders.com/bi/rvca/large/uvjwk00150_cmm.png;Product Type: Skirt^Fabric: 100% Cotton Twill^Fit: Mini Skirt^Fly/Waist: Invisible zip at side seam^All over camo print^Cargo Pocket Detaiing;251
UVJWO03007;WDR0;STRIPED BOILER SUIT;https://s3.amazonaws.com/images.boardriders.com/bi/rvca/large/uvjwo03007_wdr0.png;Product Type:Boiler suit^Fabric:90% Cotton, 10% Polyester, 264g^Fit:Loose fit^Fastening:Zip front^Elastic back waist^Front darts^Back patch pockets;251
UVJWT00156;CAM;MILSPEC STRIPE OVERSHIRT;https://s3.amazonaws.com/images.boardriders.com/bi/rvca/large/uvjwt00156_cam.png;Product Type: Woven Top^Fabric: 55% Cotton, 45% Modal yardage print, 120g^Wash: Garment wash with softener^Fit: Short Sleeve^Closure/Neck: V neck button up front^Branded badge at back neck;251
UVJX100148;BLQ0;FLEUR ONE PIECE;https://s3.amazonaws.com/images.boardriders.com/bi/rvca/large/uvjx100148_blq0.png;Product Type: Printed one piece swimsuit^Fabric: Recycled Nylon Elastane Rib^Coverage: Cheeky coverage^Support: Medium^Padding: Removable^Straps: Adjustable^Print Placement: Print Placement may vary from photo;251
UVJX300151;BLQ0;FLEUR FIXED TRI;https://s3.amazonaws.com/images.boardriders.com/bi/rvca/large/uvjx300151_blq0.png;Product Type: Bikini top^Fabric: Recycled Nylon^Padding:Removable^Straps:Adjustable straps^Closure:Hook^Print Placement:All over print;251
UVJX300153;WPW;BLURRED DITSY HALTER SLIDE TRI;https://s3.amazonaws.com/images.boardriders.com/bi/rvca/large/uvjx300153_wpw.png;Product Type: Textured bikini top^Fabric: Recycled Polyester Elastane^Shape: Triangle Halter^Coverage: Small coverage^Support: Low^Padding: Removable^Straps: Halter adjustable with tie back;251
UVJX400158;BLQ0;FLEUR MEDIUM FRENCH;https://s3.amazonaws.com/images.boardriders.com/bi/rvca/large/uvjx400158_blq0.png;Produce Type: Bikini bottom^Fabric:Recycled Nylon^Coverage: Medium coverage;251
UVJX400161;WPW;BLURRED DITSY MEDIUM FRENCH;https://s3.amazonaws.com/images.boardriders.com/bi/rvca/large/uvjx400161_wpw.png;Product Type: Fabric:Recycled Polyester Textured swim^Coverage: Medium coverage;251
UVJZT00281;BEY0;SUNSET CUFFED TEE;https://s3.amazonaws.com/images.boardriders.com/bi/rvca/large/uvjzt00281_bey0.png;Product Type: Tee^Fabric: 100% Organic Cotton^Weight:160gsm^Wash: Solid dye, No wash^Fit: Classic^Neck: Round neck^Graphic:Front and Back screenprint;251
UVJZT00282;GZE0;TROPHY CUFFED TEE;https://s3.amazonaws.com/images.boardriders.com/bi/rvca/large/uvjzt00282_gze0.png;Product Type: Tee^Fabric: 100% Cotton^Weight:200gsm^Wash: Solid dye, No wash^Fit: Classic^Neck: Round neck^Graphic:Front and Back screenprint;251
UVJZT00283;WHT;GOOD THINGS ONLY EASY TEE;https://s3.amazonaws.com/images.boardriders.com/bi/rvca/large/uvjzt00283_wht.png;Product Type: Tee^Fabric: 100% Cotton^Weight:200gsm^Wash: Solid dye, No wash^Fit: Relaxed^Neck: Round neck^Graphic:Front screen print^Branded label inserted into the side seam at hem edge;251
UVJZT00284;GNB0;VIPER EASY TEE;https://s3.amazonaws.com/images.boardriders.com/bi/rvca/large/uvjzt00284_gnb0.png;Product Type: Tee^Fabric: 100% Cotton^Weight:200gsm^Fit: Relaxed^Neck: Round neck^Graphic:Front screen print^Branded label inserted into the side seam at hem edge^Wash:Heavy garment wash;251
UVJZT00285;KTA0;GLOBAL RVCA EASY TEE;https://s3.amazonaws.com/images.boardriders.com/bi/rvca/large/uvjzt00285_kta0.png;Product Type: Tee^Fabric: 100% Cotton^Weight:200gsm^Fit: Relaxed^Neck: Round neck^Graphic:Front screen print^Branded label inserted into the side seam at hem edge^Wash: Heavy garment wash;251
UVJZT00286;KTA0;RACE DAY EASY TEE;https://s3.amazonaws.com/images.boardriders.com/bi/rvca/large/uvjzt00286_kta0.png;Product Type: Tee^Fabric: 100% Cotton^Weight:200gsm^Fit: Relaxed^Neck: Round neck^Graphic:Front screen print^Branded label inserted into the side seam at hem edge^Wash:  Heavy garment wash;251
UVJZT00288;CQK0;JUPITER HALF TEE;https://s3.amazonaws.com/images.boardriders.com/bi/rvca/large/uvjzt00288_cqk0.png;Product Type: Tee^Fabric: 100% Cotton^Weight:200gsm^Wash: Solid dye, Heavy enzyme wash^Fit: Relaxed^Neck: Round neck^Graphic:Front and back print;251
UVJZT00289;WZA0;DOME SHRUNKEN RAGLAN TEE;https://s3.amazonaws.com/images.boardriders.com/bi/rvca/large/uvjzt00289_wza0.png;Sleeves:Short Sleeve^Wash: Solid dye, No wash^Fabric:100% Cotton 200GSM^Fit:Shrunken ^Neck:Crew neck^Raglan sleeve^Graphic Screen print on front;251
UVJZT00295;KVC0;BENJ RELAXED TEE;https://s3.amazonaws.com/images.boardriders.com/bi/rvca/large/uvjzt00295_kvc0.png;Product Type: Tee^Fabric: 100% Organic Cotton^Weight:200gsm^Wash: Solid dye, No wash^Fit: Relaxed^Neck: Round neck^Graphic:Front and Back screen print^ANP label at hem edge;251
UVYDP03001;ASB;SKATE DENIM;https://s3.amazonaws.com/images.boardriders.com/bi/rvca/large/uvydp03001_asb.png;Product type: Denim pant^Fabric: 100% Cotton Denim^Weight:15.2oz^Relaxed fit^27in.^18in^Front scooped pockets.^Back patch pockets^Flat felled finish at outseams.^Belt loops finished into waistband^Vintage wash;251
UVYDS03003;ASB;SKATE DENIM SHORT;https://s3.amazonaws.com/images.boardriders.com/bi/rvca/large/uvyds03003_asb.png;Product type: Denim Short^Weight:15.2oz^Relaxed fit.^Faux fly^27in.^22in out seam^Front scooped pockets.^Back patch pockets^Flat felled finish at out seams.^Belt loops finished into waistband^100% Cotton denim with vintage wash;251
UVYFT00328;GNB0;GLOBAL RVCA CREW;https://s3.amazonaws.com/images.boardriders.com/bi/rvca/large/uvyft00328_gnb0.png;Product Type: Fleece Crew^Fabric:100% Cotton Top Dry French Terry 350g^Wash: Solid dye, Enzyme wash^Fit: Regular fit^CF print^Sleeve Embroidery;251
UVYFT00333;SJSH;BENJ HOODIE;https://s3.amazonaws.com/images.boardriders.com/bi/rvca/large/uvyft00333_sjsh.png;Product Type: Hooded Fleece^Fabric: 80% Cotton 20% 300g Polyester, Brushed Fleece^Wash: Solid dye, No wash^Fit: Relaxed fit^Pockets: Front welt pockets^CF and CB prints;251
UVYFT00334;WZA0;BENJ HALF ZIP COLLARED CREW;https://s3.amazonaws.com/images.boardriders.com/bi/rvca/large/uvyft00334_wza0.png;Product Type: Half Zip Fleece^Fabric:100% Cotton Top Dry French Terry 350g^Wash: Garment wash w/ softener^Fit: Relaxed fit^Left Chest Embroidery^ANP Trims;251
UVYHA00304;WDR0;LEAGUE VA PINCHED SNAPBACK;https://s3.amazonaws.com/images.boardriders.com/bi/rvca/large/uvyha00304_wdr0.png;Product Type: Cap^Fabric: 98% Cotton, 2% Elastane^Construction: 5 panel snapback^Visor/Brim: Curved Brim^CF embroidery;251
UVYHA00307;BLK;BENJ SNAPBACK;https://s3.amazonaws.com/images.boardriders.com/bi/rvca/large/uvyha00307_blk.png;Product Type: Cap^Fabric: 100% Cotton twill^Construction: 5 panel snapback^Visor/Brim: Flat brim^CF Print;251
UVYHA00308;KTA0;JUPITER CAP;https://s3.amazonaws.com/images.boardriders.com/bi/rvca/large/uvyha00308_kta0.png;Product Type: Cap^Fabric: 100% Cotton Twill^Construction: 5 panel clipback^Visor/Brim: Curved Brim^CF embroidery;251
UVYJK00135;BSL0;VARSITY TWILL VEST;https://s3.amazonaws.com/images.boardriders.com/bi/rvca/large/uvyjk00135_bsl0.png;Product Type: Vest^Fabric: 100% Cotton Sateen Twill, 330g^Lining: Fully lined^Wash: Solid dye, garment softener wash^Ribbed bomber collar.^Square hem^RVCA trims.;251
UVYSW00119;TZK0;QTR ZIP KNIT;https://s3.amazonaws.com/images.boardriders.com/bi/rvca/large/uvysw00119_tzk0.png;Product type: Knit Top^Fabric: 50% Cotton, 33% Viscose, 17% Nylon^Fit: Regular fit.^Rib collar and hem. 1/4 Zip front placket.^Solo label at hem;251
UVYWT00204;BRG0;RVCA CLASSIC DENIM LS SHIRT;https://s3.amazonaws.com/images.boardriders.com/bi/rvca/large/uvywt00204_brg0.png;Product Type: Woven Top^Fabric: 100% cotton Denim^Weight:15.2oz^Wash: Garment wash^Fit: Long Sleeve^Closure/Neck: Button up collar^Button up sleeve cuffs^Branded label in sideseam hem edge;251
UVYWT00207;CMM;ROVER SS SHIRT;https://s3.amazonaws.com/images.boardriders.com/bi/rvca/large/uvywt00207_cmm.png;Product Type: Woven Top^Fabric: 100% Cotton Twill, 240g^Wash: Heavy enzyme wash^Fit: Boxy Fit^Closure/Neck: Collar with CF button closure^Bottom hem solo label;251
UVYWT00208;BLK;BASE LINEN LS SHIRT;https://s3.amazonaws.com/images.boardriders.com/bi/rvca/large/uvywt00208_blk.png;Product Type: Woven Top^Fabric: 92% Cotton 8% Linen, 155g^Wash: Heavy garment wash^Fit: Long Sleeve^Closure/Neck: Button up collar^Button up sleeve cuffs^Branded label in side seam hem edge;251
UVYZT00893;GNB0;JUPITER SS TEE;https://s3.amazonaws.com/images.boardriders.com/bi/rvca/large/uvyzt00893_gnb0.png;Product Type: Tee^Fabric: 100% Cotton^Weight:180gsm^Wash: Garmet dye, mineral wash^Fit: Relaxed^Neck: Round neck^Branded label inserted into the side seam at hem edge;251
UVYZT00895;WDR0;GLOBAL RVCA SS TEE;https://s3.amazonaws.com/images.boardriders.com/bi/rvca/large/uvyzt00895_wdr0.png;Product Type: Tee^Fabric: 100% Organic Cotton^Weight:250gsm^Wash: Solid dye, No wash^Fit: Oversized Fit^Neck: Round neck^Branded label inserted into the side seam at hem edge^Large chest print;251
UVYZT00904;WHT;WELCOME SS TEE;https://s3.amazonaws.com/images.boardriders.com/bi/rvca/large/uvyzt00904_wht.png;Product Type: Tee^Fabric: 100% Organic Cotton^Weight:250gsm^Wash: Solid dye, No wash^Fit: Box Fit^Neck: Round neck^Chest with Back Digital Print^Branded label inserted into the side seam at hem edge;251
UVYZT00905;WZA0;RACE DAY SS TEE;https://s3.amazonaws.com/images.boardriders.com/bi/rvca/large/uvyzt00905_wza0.png;Product Type: Tee^Fabric: 100% Cotton^Weight:200gsm^Fit: Relaxed^Neck: Round neck^Chest and Back Print^Branded label inserted into the side seam at hem edge^Wash: Pigment dye w/ heavy stone wash;251
UVYZT00911;BND0;CHARMER SS TEE;https://s3.amazonaws.com/images.boardriders.com/bi/rvca/large/uvyzt00911_bnd0.png;Product Type: Tee^Fabric: 100% Organic Cotton^Weight:200gsm^Wash: Solid dye, No wash^Fit: Relaxed^Neck: Round neck^Chest and Back Print^Branded label inserted into the side seam at hem edge;251
UVYZT00913;SLE0;SPUN OUT SS TEE;https://s3.amazonaws.com/images.boardriders.com/bi/rvca/large/uvyzt00913_sle0.png;Product Type: Tee^Fabric: 100% Cotton^Weight:200gsm^Wash: Enzyme stone wash^Fit: Oversized Fit^Neck: Round neck^Chest Print^Branded label inserted into the side seam at hem edge^Heavy Wash;251
UVYZT00920;WZA0;BENJ LS TEE;https://s3.amazonaws.com/images.boardriders.com/bi/rvca/large/uvyzt00920_wza0.png;Product Type: LS Tee^Fabric: 100% Organic Cotton^Weight:250gsm^Wash: Solid dye, No wash^Fit: Relaxed^Neck: Round neck^Graphic:Front and back print^ANP label at hem;251
UVYZT00921;GZE0;COLLEGIATE POLO LS TEE;https://s3.amazonaws.com/images.boardriders.com/bi/rvca/large/uvyzt00921_gze0.png;Product Type: Long Sleeve Jersey^Fabric: 100% Organic Cotton^Weight:250g^Wash: Solid dye, No wash^Fit: Relaxed fit^Neck: Polo neck with button up placket^Graphic:Chest PRINT;251